rho,x,direction,side_length,jacobi_cprime,normalized_S,shooting_residual,shooting_iterations,K,DeltaK,Kww,s2,s4,E6
0.01500000000000000000000000000000000000000000000000000000000000038893845,0.3999999999999999999999999999999999999999999999999999999999999844424618,plus,0.005960052082888550326595077533490089013116261562092132844909760483570363,0.01499992707126221810030354704365858483291912072324849040555466389947722,0.1986693686767045788161904509501752674495735149737208960347725412200745,3.253570619219721835785081700939977279314088084540522980921370191109166e-57,18,,,,,,
0.01500000000000000000000000000000000000000000000000000000000000038893845,0.3999999999999999999999999999999999999999999999999999999999999844424618,minus,0.005960051375433854472187777091062184989019047021692180719116677446842793,0.01499992517991768796093555630559485329245644007889456999653367118706868,0.1986693701450369579143577602461527883214011992505545356944377609071483,2.268046131948652682878007956218307260129139895143051094056710983678427e-57,18,,,,,,
0.01500000000000000000000000000000000000000000000000000000000000038893845,0.3999999999999999999999999999999999999999999999999999999999999844424618,EVEN_DIAGNOSTIC,,,0.1986693694108707683652741055981640278854873571121377158646051510636114,,,0.1313402336224369283269333033989348976869302589853499939964452858607565,-0.1719347521618296157840786945162498327892591398488729487287192588251412,-0.2297795276692186150171792558663842768835885605000026960879073670087678,0.0001716481079939607625293734554065863746057088490751797711204648205028186,-0.00009905655424233806564317597967540714934786726194162827482551345888035179,-0.0000006739570239610264937170336282492684071244066417225618864650904462738765
0.01500000000000000000000000000000000000000000000000000000000000038893845,0.7999999999999999999999999999999999999999999999999999999999999688849236,plus,0.01168250203325464851689835920436775705142662997970810258967937300217353,0.01499992707126221810030354704365858483291912072324849040555466389947722,0.3894186277624210487506111842333783350282513092723084879280300660187892,2.995094265951168209753266643034660879807356366725122136539784077296048e-52,18,,,,,,
0.01500000000000000000000000000000000000000000000000000000000000038893845,0.7999999999999999999999999999999999999999999999999999999999999688849236,minus,0.01168250088223205700885143332874138848419350791259778692327202925093130,0.01499992517991768796093555630559485329245644007889456999653367118706868,0.3894186384967076446850703652060856495165480431621183467052194363995608,2.133702896500234641089814514151281063523774808803089984388437483865629e-52,18,,,,,,
0.01500000000000000000000000000000000000000000000000000000000000038893845,0.7999999999999999999999999999999999999999999999999999999999999688849236,EVEN_DIAGNOSTIC,,,0.3894186331295643467178407747197319922723996762172134173166247512091750,,,0.1313402336224369283269333033989348976869302589853499939964452858607565,-0.1719347521618296157840786945162498327892591398488729487287192588251412,-0.2297795276692186150171792558663842768835885605000026960879073670087678,0.001292694036285946918993500123522726156086753285269483039750983160518435,-0.0006961836488339480920710259890914195264579688867907235132496117790958437,-0.000001059143737367563709123625131476042797347742356308411949745922676242290
0.01500000000000000000000000000000000000000000000000000000000000038893845,1.200000000000000000000000000000000000000000000000000000000000031115076,plus,0.01693921797332426732012238026443735353103411522511594339684125083199843,0.01499992707126221810030354704365858483291912072324849040555466389947722,0.5646433443592356486433926492706610116012429337912374768361635226807627,1.628679721980579560148422740455999909305177530541410888323265059876225e-49,18,,,,,,
0.01500000000000000000000000000000000000000000000000000000000000038893845,1.200000000000000000000000000000000000000000000000000000000000031115076,minus,0.01693921677252789034147226879612168882544605121024079158617872330376562,0.01499992517991768796093555630559485329245644007889456999653367118706868,0.5646433755285186108055051760402276434786634693047510587722254438833646,1.201890717607105118983668154100904192915932401267738496189150868492045e-49,18,,,,,,
0.01500000000000000000000000000000000000000000000000000000000000038893845,1.200000000000000000000000000000000000000000000000000000000000031115076,EVEN_DIAGNOSTIC,,,0.5646433599438771297244489126554443275399532015479942678041944832820637,,,0.1313402336224369283269333033989348976869302589853499939964452858607565,-0.1719347521618296157840786945162498327892591398488729487287192588251412,-0.2297795276692186150171792558663842768835885605000026960879073670087678,0.003940643656431868181745407387874633772341301317054124356801971539177821,-0.001895922231025409624257698815262882030409451067851701427363158913716144,0.00001214146053763583386786591163720608172246140494238508684666483886293426
0.01800000000000000000000000000000000000000000000000000000000000095289921,0.3999999999999999999999999999999999999999999999999999999999999844424618,plus,0.007152047922918174497207292719495273242304134340565506093891068565117980,0.01799987430936497581312597646572857647682076989099539218792070151289007,0.1986693851300146724942656640950305770300067162289176351603704330638084,7.478486723430423169295798315094711736619522797981669395221589208830950e-56,18,,,,,,
0.01800000000000000000000000000000000000000000000000000000000000095289921,0.3999999999999999999999999999999999999999999999999999999999999844424618,minus,0.007152046455939578787197267564745565315100726211737215193321087502841417,0.01799987038747320242284464979611920600496478338839621943162396606112752,0.1986693876672845709869172812633233022275228286039721863247707549307997,4.850349064282962228921808374798927108117251574228435150560236799464510e-56,18,,,,,,
0.01800000000000000000000000000000000000000000000000000000000000095289921,0.3999999999999999999999999999999999999999999999999999999999999844424618,EVEN_DIAGNOSTIC,,,0.1986693863986496217405914726791769396287647724164449107425706037207654,,,0.1313402336224369283269333033989348976869302589853499939964452858607565,-0.1719347521618296157840786945162498327892591398488729487287192588251412,-0.2297795276692186150171792558663842768835885605000026960879073670087678,0.0001716481079939607625293734554065863746057088490751797711204648205028186,-0.00009905655424233806564317597967540714934786726194162827482551345888035179,-0.0000006739919310532958480113803139854508155630307166410194827058440539126593
0.01800000000000000000000000000000000000000000000000000000000000095289921,0.7999999999999999999999999999999999999999999999999999999999999688849236,plus,0.01401897717200479007597586277348327073303764009937693825906754097963700,0.01799987430936497581312597646572857647682076989099539218792070151289007,0.3894187517940332420132012877184694463240528599785615141706261874176421,6.868926927869593632432912834606436924771394326078624725799643598781121e-51,18,,,,,,
0.01800000000000000000000000000000000000000000000000000000000000095289921,0.7999999999999999999999999999999999999999999999999999999999999688849236,minus,0.01401897478524055611105888611846260773524439267259132452284556446944713,0.01799987038747320242284464979611920600496478338839621943162396606112752,0.3894187703428380331204452603834142765309930299053014196563778563619867,4.572510652569144654475160592783294425960012420888374887005976254727395e-51,18,,,,,,
0.01800000000000000000000000000000000000000000000000000000000000095289921,0.7999999999999999999999999999999999999999999999999999999999999688849236,EVEN_DIAGNOSTIC,,,0.3894187610684356375668232740509418614275229449419314669135020218898144,,,0.1313402336224369283269333033989348976869302589853499939964452858607565,-0.1719347521618296157840786945162498327892591398488729487287192588251412,-0.2297795276692186150171792558663842768835885605000026960879073670087678,0.001292694036285946918993500123522726156086753285269483039750983160518435,-0.0006961836488339480920710259890914195264579688867907235132496117790958437,-0.000001059216171860021720434922190163178982757937523530468403752284605413388
0.01800000000000000000000000000000000000000000000000000000000000095289921,1.200000000000000000000000000000000000000000000000000000000000031115076,plus,0.02032703208837909767043184083286103504799001824889241867389583313085279,0.01799987430936497581312597646572857647682076989099539218792070151289007,0.5646437230343144132937730096411484099819984040574490218587681401455759,3.722086818754193560462582396836242255814312275627322443981162584273595e-48,18,,,,,,
0.01800000000000000000000000000000000000000000000000000000000000095289921,1.200000000000000000000000000000000000000000000000000000000000031115076,minus,0.02032702959839925018037586856570116637980219535316588166755448501108378,0.01799987038747320242284464979611920600496478338839621943162396606112752,0.5646437768947938306572187181138041263223112295917181240878432636075904,2.584754470907851668042789883223041047704006771902216591557244307437748e-48,18,,,,,,
0.01800000000000000000000000000000000000000000000000000000000000095289921,1.200000000000000000000000000000000000000000000000000000000000031115076,EVEN_DIAGNOSTIC,,,0.5646437499645541219754958638774762681521548168245835729733057018765831,,,0.1313402336224369283269333033989348976869302589853499939964452858607565,-0.1719347521618296157840786945162498327892591398488729487287192588251412,-0.2297795276692186150171792558663842768835885605000026960879073670087678,0.003940643656431868181745407387874633772341301317054124356801971539177821,-0.001895922231025409624257698815262882030409451067851701427363158913716144,0.00001214191059465628889426613092978786296396588321867258790525500532249341
0.02200000000000000000000000000000000000000000000000000000000000089455845,0.3999999999999999999999999999999999999999999999999999999999999844424618,plus,0.008741363244459819560323895985176325298760337194009016788647254658193972,0.02199977132109968709400243445738179789117724786866575571842447579745005,0.1986694115332938648166696637246884652514520920840043088856153433285649,2.375658160376705848686794707224001661362976827140930915260310992237061e-54,18,,,,,,
0.02200000000000000000000000000000000000000000000000000000000000089455845,0.3999999999999999999999999999999999999999999999999999999999999844424618,minus,0.008741359970866410658673549393103903942865837147257420092342500083319495,0.02199976256932226456509308611288295358171545554659522838418347802232875,0.1986694161657877670679151123804062532403372432866432056472491201721017,1.399463796277923926625530716411649378640080157741541258649906334639824e-54,18,,,,,,
0.02200000000000000000000000000000000000000000000000000000000000089455845,0.3999999999999999999999999999999999999999999999999999999999999844424618,EVEN_DIAGNOSTIC,,,0.1986694138495408159422923880525473592458946676853237572664322414737947,,,0.1313402336224369283269333033989348976869302589853499939964452858607565,-0.1719347521618296157840786945162498327892591398488729487287192588251412,-0.2297795276692186150171792558663842768835885605000026960879073670087678,0.0001716481079939607625293734554065863746057088490751797711204648205028186,-0.00009905655424233806564317597967540714934786726194162827482551345888035179,-0.0000006740483406775268302892307546303825641428799841939077931637687904323488
0.02200000000000000000000000000000000000000000000000000000000000089455845,0.7999999999999999999999999999999999999999999999999999999999999688849236,plus,0.01713425573476854363822239127409141098838345136229866120606439551835956,0.02199977132109968709400243445738179789117724786866575571842447579745005,0.3894189508764417840627083661263274018982571388402080867053867907156932,2.175431257233808151382922523066024636635186729319204515050796168547911e-49,18,,,,,,
0.02200000000000000000000000000000000000000000000000000000000000089455845,0.7999999999999999999999999999999999999999999999999999999999999688849236,minus,0.01713425040864374944650183683320508335664782248403989880878940800800661,0.02199976256932226456509308611288295358171545554659522838418347802232875,0.3894189847425156901698505990422433728968879531717920745678788887339341,1.322916272072712279426460544512528153953343940097688235748835209518068e-49,18,,,,,,
0.02200000000000000000000000000000000000000000000000000000000000089455845,0.7999999999999999999999999999999999999999999999999999999999999688849236,EVEN_DIAGNOSTIC,,,0.3894189678094787371162794825842853873975725460060000806366328591717364,,,0.1313402336224369283269333033989348976869302589853499939964452858607565,-0.1719347521618296157840786945162498327892591398488729487287192588251412,-0.2297795276692186150171792558663842768835885605000026960879073670087678,0.001292694036285946918993500123522726156086753285269483039750983160518435,-0.0006961836488339480920710259890914195264579688867907235132496117790958437,-0.000001059333192968740645591782716722326832499037568557175834461820956860595
0.02200000000000000000000000000000000000000000000000000000000000089455845,1.200000000000000000000000000000000000000000000000000000000000031115076,plus,0.02484409232186759851820656978586551363562737431328056164046112152320577,0.02199977132109968709400243445738179789117724786866575571842447579745005,0.5646443310535678411561797230899598390698111564190776964100489589301493,1.173294526358935411224654559533971118936710927836930353776754875469343e-46,18,,,,,,
0.02200000000000000000000000000000000000000000000000000000000000089455845,1.200000000000000000000000000000000000000000000000000000000000031115076,minus,0.02484408676539822057412509567855116740233732400702431228879660661426025,0.02199976256932226456509308611288295358171545554659522838418347802232875,0.5646444293913027364542065887163806805335904681084632212839382375709695,7.513503241675923551806504232095385963704985719728760627207249595002171e-47,18,,,,,,
0.02200000000000000000000000000000000000000000000000000000000000089455845,1.200000000000000000000000000000000000000000000000000000000000031115076,EVEN_DIAGNOSTIC,,,0.5646443802224352888051931559031702598017008122637704588469935982505594,,,0.1313402336224369283269333033989348976869302589853499939964452858607565,-0.1719347521618296157840786945162498327892591398488729487287192588251412,-0.2297795276692186150171792558663842768835885605000026960879073670087678,0.003940643656431868181745407387874633772341301317054124356801971539177821,-0.001895922231025409624257698815262882030409451067851701427363158913716144,0.00001214263804723637310642843099079529453123348214477162683606063855807208
0.02700000000000000000000000000000000000000000000000000000000000021391615,0.3999999999999999999999999999999999999999999999999999999999999844424618,plus,0.01072798316596202174477726867225528815470544753730044879374459918341526,0.02699957915013840079905977191870815546112771134286961608022338433962972,0.1986694515923043512157667367699631828287178454376491406691159537761232,8.187830089533076794438451379751168835556826191308568514015432072894315e-53,18,,,,,,
0.02700000000000000000000000000000000000000000000000000000000000021391615,0.3999999999999999999999999999999999999999999999999999999999999844424618,minus,0.01072797573937173665605399759719706064368605414461160773660738227599476,0.02699955929556636473559950940180443047484793592551322567532472404220569,0.1986694601554735840644522910589881712983273613615792103203412508822159,4.276838581295985247166725734332380228378045906961703957002475369898793e-53,18,,,,,,
0.02700000000000000000000000000000000000000000000000000000000000021391615,0.3999999999999999999999999999999999999999999999999999999999999844424618,EVEN_DIAGNOSTIC,,,0.1986694558738889676401095139144756770635226033996141754947285926057082,,,0.1313402336224369283269333033989348976869302589853499939964452858607565,-0.1719347521618296157840786945162498327892591398488729487287192588251412,-0.2297795276692186150171792558663842768835885605000026960879073670087678,0.0001716481079939607625293734554065863746057088490751797711204648205028186,-0.00009905655424233806564317597967540714934786726194162827482551345888035179,-0.0000006741347038389951750303362844675098282650306594031342471315403284933206
0.02700000000000000000000000000000000000000000000000000000000000021391615,0.7999999999999999999999999999999999999999999999999999999999999688849236,plus,0.02102831188856010391223969276910697459895293071149982748842194979630923,0.02699957915013840079905977191870815546112771134286961608022338433962972,0.3894192530118068903430945818487650493635941703901298758070267441775999,7.469203564697424702199518520911752667509935990667790928959386275524949e-48,18,,,,,,
0.02700000000000000000000000000000000000000000000000000000000000021391615,0.7999999999999999999999999999999999999999999999999999999999999688849236,minus,0.02102829980548773572280922906435992693692684916756097456190597846440288,0.02699955929556636473559950940180443047484793592551322567532472404220569,0.3894193156134371079066854939628645053726836359716642676380793586296480,4.056568532867937460236875177537269872508533971544017473584778826424078e-48,18,,,,,,
0.02700000000000000000000000000000000000000000000000000000000000021391615,0.7999999999999999999999999999999999999999999999999999999999999688849236,EVEN_DIAGNOSTIC,,,0.3894192843126219991248900379058147773681389031808970717225530708505467,,,0.1313402336224369283269333033989348976869302589853499939964452858607565,-0.1719347521618296157840786945162498327892591398488729487287192588251412,-0.2297795276692186150171792558663842768835885605000026960879073670087678,0.001292694036285946918993500123522726156086753285269483039750983160518435,-0.0006961836488339480920710259890914195264579688867907235132496117790958437,-0.000001059512274419624622415423041766244472789567623965889365802048279251292
0.02700000000000000000000000000000000000000000000000000000000000021391615,1.200000000000000000000000000000000000000000000000000000000000031115076,plus,0.03049036846652663141473043253677644503750395050238877626139248349269931,0.02699957915013840079905977191870815546112771134286961608022338433962972,0.5646452542274225912515689313554995797700116156500097324122467835089066,4.004907406875073273739423023226213213572503873596603108192742801636101e-45,18,,,,,,
0.02700000000000000000000000000000000000000000000000000000000000021391615,1.200000000000000000000000000000000000000000000000000000000000031115076,minus,0.03049035586082805837361687278187810559770398503487620941024701933661603,0.02699955929556636473559950940180443047484793592551322567532472404220569,0.5646454360059669975341887218900369553833587205357244904402557575630665,2.317539919669620893750411792218986981081064385117647745905837867959433e-45,18,,,,,,
0.02700000000000000000000000000000000000000000000000000000000000021391615,1.200000000000000000000000000000000000000000000000000000000000031115076,EVEN_DIAGNOSTIC,,,0.5646453451166947943928788266227682675766851680928671114262512705359866,,,0.1313402336224369283269333033989348976869302589853499939964452858607565,-0.1719347521618296157840786945162498327892591398488729487287192588251412,-0.2297795276692186150171792558663842768835885605000026960879073670087678,0.003940643656431868181745407387874633772341301317054124356801971539177821,-0.001895922231025409624257698815262882030409451067851701427363158913716144,0.00001214375216898940845721750379168875832040182961336465245879177849773895
0.03299999999999999999999999999999999999999999999999999999999999891097233,0.3999999999999999999999999999999999999999999999999999999999999844424618,plus,0.01311188396796802887345584187016047647284491533731156431880036789478965,0.03299923572103325765060195717220839458628739173781209908052318433896762,0.1986695097852023115219294010239638719385261982705197578391852972042868,2.660640676874132477814446548421967522385668700531624736279598958170401e-51,18,,,,,,
0.03299999999999999999999999999999999999999999999999999999999999891097233,0.3999999999999999999999999999999999999999999999999999999999999844424618,minus,0.01311186739536426664631503999943893382352682865249747160026744621676082,0.03299919141517697039204509467314038231338911378628109694171990726929984,0.1986695254195510929417301645427541746166371864805704106241961815239352,1.203036810679010359353574334230122204009649826737065445501704337515911e-51,18,,,,,,
0.03299999999999999999999999999999999999999999999999999999999999891097233,0.3999999999999999999999999999999999999999999999999999999999999844424618,EVEN_DIAGNOSTIC,,,0.1986695176023767022318297827833590232775816923755450842316907393641110,,,0.1313402336224369283269333033989348976869302589853499939964452858607565,-0.1719347521618296157840786945162498327892591398488729487287192588251412,-0.2297795276692186150171792558663842768835885605000026960879073670087678,0.0001716481079939607625293734554065863746057088490751797711204648205028186,-0.00009905655424233806564317597967540714934786726194162827482551345888035179,-0.0000006742615739141704588136576141911420684034606500172950278307351650284731
0.03299999999999999999999999999999999999999999999999999999999999891097233,0.7999999999999999999999999999999999999999999999999999999999999688849236,plus,0.02570110442663013052985860503851648676232173117385427318989530788693657,0.03299923572103325765060195717220839458628739173781209908052318433896762,0.3894196920786350378175969006420750272560696548398288710404813420033748,2.415940270661843361919138796927779397761006413211212325023530192720590e-46,18,,,,,,
0.03299999999999999999999999999999999999999999999999999999999999891097233,0.7999999999999999999999999999999999999999999999999999999999999688849236,minus,0.02570107746286197301689137906580637814805973560300299922006291482200897,0.03299919141517697039204509467314038231338911378628109694171990726929984,0.3894198063750366209584100636423109334022065230591432051866561511741326,1.145620240450083689306751340395234102602633449361918896809674221076955e-46,18,,,,,,
0.03299999999999999999999999999999999999999999999999999999999999891097233,0.7999999999999999999999999999999999999999999999999999999999999688849236,EVEN_DIAGNOSTIC,,,0.3894197492268358293880034821421929803291380889494860381135687465887537,,,0.1313402336224369283269333033989348976869302589853499939964452858607565,-0.1719347521618296157840786945162498327892591398488729487287192588251412,-0.2297795276692186150171792558663842768835885605000026960879073670087678,0.001292694036285946918993500123522726156086753285269483039750983160518435,-0.0006961836488339480920710259890914195264579688867907235132496117790958437,-0.000001059775179374408614224410098967566604507306653058072840791719966295937
0.03299999999999999999999999999999999999999999999999999999999999891097233,1.200000000000000000000000000000000000000000000000000000000000031115076,plus,0.03726581227815182790027527699247878414122703035768629012962177838206538,0.03299923572103325765060195717220839458628739173781209908052318433896762,0.5646465965634336374367434565398513956300123435770550546057027684214634,1.286335546098081959363129671395410546457574470140962278421285341883117e-43,18,,,,,,
0.03299999999999999999999999999999999999999999999999999999999999891097233,1.200000000000000000000000000000000000000000000000000000000000031115076,minus,0.03726578414794036318561499064845307386914710417565634962746830897977836,0.03299919141517697039204509467314038231338911378628109694171990726929984,0.5646469284517241800578323405057763722891497958541571246708635833172205,6.591450995685543479694308800070858607915996985641823518579996677450059e-44,18,,,,,,
0.03299999999999999999999999999999999999999999999999999999999999891097233,1.200000000000000000000000000000000000000000000000000000000000031115076,EVEN_DIAGNOSTIC,,,0.5646467625075789087472878985228138839595810697156060896382831758693419,,,0.1313402336224369283269333033989348976869302589853499939964452858607565,-0.1719347521618296157840786945162498327892591398488729487287192588251412,-0.2297795276692186150171792558663842768835885605000026960879073670087678,0.003940643656431868181745407387874633772341301317054124356801971539177821,-0.001895922231025409624257698815262882030409451067851701427363158913716144,0.00001214538970678809365423608805525507348193976799304669325941540275160072
0.03999999999999999999999999999999999999999999999999999999999999941659232,0.3999999999999999999999999999999999999999999999999999999999999844424618,plus,0.01589302988385629929780058628083217264527041771548107437327389108897373,0.03999864746106785521642517986887721257252978892675226603816814526673586,0.1986695912571239549991352386881713100315009126187146800397055192225640,7.591044243651171559412451700783324743745871007835229781087752049162381e-50,18,,,,,,
0.03999999999999999999999999999999999999999999999999999999999999941659232,0.3999999999999999999999999999999999999999999999999999999999999844424618,minus,0.01589299410917499900417893864490687114313328347035210538463589827728243,0.03999855181982749476973109416923299470144802450851338979230310191111120,0.1986696190997689738478064424384978467489574927898127451073650341563400,2.900686127299141808191976404865635444685635347361883752882971400099523e-50,18,,,,,,
0.03999999999999999999999999999999999999999999999999999999999999941659232,0.3999999999999999999999999999999999999999999999999999999999999844424618,EVEN_DIAGNOSTIC,,,0.1986696051784464644234708405633345783902292027042637125735352766894520,,,0.1313402336224369283269333033989348976869302589853499939964452858607565,-0.1719347521618296157840786945162498327892591398488729487287192588251412,-0.2297795276692186150171792558663842768835885605000026960879073670087678,0.0001716481079939607625293734554065863746057088490751797711204648205028186,-0.00009905655424233806564317597967540714934786726194162827482551345888035179,-0.0000006744415957972426887974973473129002832082836733682236458054008626919780
0.03999999999999999999999999999999999999999999999999999999999999941659232,0.7999999999999999999999999999999999999999999999999999999999999688849236,plus,0.03115257115280088653711288599609272646974792771825104922390651652139643,0.03999864746106785521642517986887721257252978892675226603816814526673586,0.3894203070631678494830070909952011073859071208753035388578393314890976,6.855491151741238892049582338775054197737583508812096467582529601395810e-45,18,,,,,,
0.03999999999999999999999999999999999999999999999999999999999999941659232,0.7999999999999999999999999999999999999999999999999999999999999688849236,minus,0.03115251294672195635946767632383373395692362184832531821318050113821581,0.03999855181982749476973109416923299470144802450851338979230310191111120,0.3894205106105802821185277402335872365616069415353850150522895398207399,2.774785514605517110394609442474844806662169418839820823402430763589162e-45,18,,,,,,
0.03999999999999999999999999999999999999999999999999999999999999941659232,0.7999999999999999999999999999999999999999999999999999999999999688849236,EVEN_DIAGNOSTIC,,,0.3894204088368740658007674156143941719737570312053442769550644551018415,,,0.1313402336224369283269333033989348976869302589853499939964452858607565,-0.1719347521618296157840786945162498327892591398488729487287192588251412,-0.2297795276692186150171792558663842768835885605000026960879073670087678,0.001292694036285946918993500123522726156086753285269483039750983160518435,-0.0006961836488339480920710259890914195264579688867907235132496117790958437,-0.000001060147877835712813036354277076003777026159520487054107023335833184877
0.03999999999999999999999999999999999999999999999999999999999999941659232,1.200000000000000000000000000000000000000000000000000000000000031115076,plus,0.04517035082538590867012210751170716348251011633527360538316519830321663,0.03999864746106785521642517986887721257252978892675226603816814526673586,0.5646484780435621137959272713757990621607530512657912413268944355656278,3.620354720432287332800579651800633073223642058226196828098205943123248e-42,18,,,,,,
0.03999999999999999999999999999999999999999999999999999999999999941659232,1.200000000000000000000000000000000000000000000000000000000000031115076,minus,0.04517029010076236394898820276552143579061634106372768886237029896707736,0.03999855181982749476973109416923299470144802450851338979230310191111120,0.5646490690991868738156775580546307227909095301132623092826539846208812,1.609742881255648915797490520033797421902500828460702296753673331924694e-42,18,,,,,,
0.03999999999999999999999999999999999999999999999999999999999999941659232,1.200000000000000000000000000000000000000000000000000000000000031115076,EVEN_DIAGNOSTIC,,,0.5646487735713744938058024147152148924758312906895267753047742100932545,,,0.1313402336224369283269333033989348976869302589853499939964452858607565,-0.1719347521618296157840786945162498327892591398488729487287192588251412,-0.2297795276692186150171792558663842768835885605000026960879073670087678,0.003940643656431868181745407387874633772341301317054124356801971539177821,-0.001895922231025409624257698815262882030409451067851701427363158913716144,0.00001214771504267932237435376584117613805235629440748663224284827695812103
