geometry_id,R,minor_radius,theta,beta,x,s6,s6_fit_02,nested_small,nested_spread,fit_rms_024,fit_rms_02,fit_rms_nested,normalized_rhs,prediction_fit21,residual_fit21,prediction_all30,residual_all30,role
1,3.000000000000000000000000000000000000000000000000000000000000000000000,1.000000000000000000000000000000000000000000000000000000000000000000000,1.099999999999999999999999999999999999999999999999999999999999937769847,0.0,0.3999999999999999999999999999999999999999999999999999999999999844424618,-0.0000006738776793179516693558133250296953924041081641011125674828014069653142,-0.0000006738777594585623164511503394152873649680630938225815808586178524169353,-0.0000006738776793187570441769406975768019302778859871564547059934147246922261,0.0000000000000000008053748211273725471065378737778230553421385106133177269118738655681378,0.0000000000000000002103212855920650600283444354932149317117291928389743468135079531107170,0.00000000000002634679334463457583076770477808824154319324621309298965345457481793569,0.00000000000000000005063285684512590009573815006536380423888409290710753479328218317290368,-0.00009840763339097284457537340992659147391362715918931400233602197231926731,-0.00009840763339097284457537340992659147391362715918931400233602204828380927,-7.596454196607838997978593815649565723376772666895955973023823992663207e-65,-0.00009840763339093956531488386349335354763437580911166766255607445947316780,0.00000000000000003327926048954643323792627925135007764633977994751284609951167460852826,FIT
1,3.000000000000000000000000000000000000000000000000000000000000000000000,1.000000000000000000000000000000000000000000000000000000000000000000000,1.099999999999999999999999999999999999999999999999999999999999937769847,0.0,0.7999999999999999999999999999999999999999999999999999999999999688849236,-0.000001058979034814084847240468114474418354499606060375945723765337301518220,-0.000001058979644712124516739653388126571425560180811727302372987650773944256,-0.000001058979034817649194279053049335535093928755350724800220749604336912614,0.000000000000000003564347038584934861116739429149290348854496984267035394394279067648124,0.0000000000000000009308639697130600983975578614063220320791305206260578132677103759135456,0.0000000000002005083001287764143300362344423702277503491299099933311054530301748551,0.0000000000000000002243106951996247905243155616640494615980456448201271985129350768490835,-0.00001986207663724283788991264877329223615442519268396937933190447577451608,-0.00001986207663724283788991264877329223615442519268396937933190445678338059,1.899113549151959749494648453912391430844193166723988993255955998165802e-65,-0.00001986207663638442994463308815729345213581234540435461676999390142325100,0.0000000000000008584079452795606159987840186128472796147625619105743512650761342798721,FIT
1,3.000000000000000000000000000000000000000000000000000000000000000000000,1.000000000000000000000000000000000000000000000000000000000000000000000,1.099999999999999999999999999999999999999999999999999999999999937769847,0.0,1.200000000000000000000000000000000000000000000000000000000000031115076,0.00001214043783506340132971904178338620074648871728246671771400091632115433,0.00001214043663947919782557599844175509015800836779217492214976288768202395,0.00001214043783505382557178347205980196880818638979912806786895838002102617,0.000000000000000009575757935569723584231938302327483338649845042536300128156960895857746,0.000000000000000002500858914031661894360952076620790153152698551760008416933613445527449,0.0000000000003930567746005665700994655048712384427174424113428732534838834670582356,0.0000000000000000006029002571557940412757827239848296878969348392117079489979569523766251,0.00007649259006761419315583300857114285185058539994213236643070030156510779,0.00007649259006761419315583300857114285185058539994213236643070025408726906,-4.747783872879899373736621134780978577110482916809972483139889995414504e-65,0.00007649259006791802620924440828224715100439599686130305670187591088779595,0.0000000000000003038330534113997111042991538105969191706902711756093226881567058666907,FIT
2,3.000000000000000000000000000000000000000000000000000000000000000000000,0.7000000000000000000000000000000000000000000000000000000000000311150764,2.000000000000000000000000000000000000000000000000000000000000000000000,1.400000000000000000000000000000000000000000000000000000000000062230153,0.3999999999999999999999999999999999999999999999999999999999999844424618,0.00001347396988853585879356746810935144936999628306020744476622703131633162,0.00001347396967252412996438809529000951497746465234756550189688898519194722,0.00001347396988854354421943343112685102426905631634983043360476396088619969,0.000000000000000007685425865963017499574899060033289622988838536929569868070244761048907,0.000000000000000002006982383495010312464634081337147322212241533846508048419571654069584,0.00000000000007101538577778918335385070135305959121382898794269947027512369127889157,0.0000000000000000004829524271001824441121758324025866522363556975232273044342815127638249,0.001776499938170919784437075566305188437919568759610917011963960096480448,0.001776499938170919784437075566305188437919568759610917011963960096480448,0.0,0.001776499938170925082162140002266927456395410222656469436524119183212275,0.000000000000000005297725064435961739018475841463045552424560159086731827619345883280347,FIT
2,3.000000000000000000000000000000000000000000000000000000000000000000000,0.7000000000000000000000000000000000000000000000000000000000000311150764,2.000000000000000000000000000000000000000000000000000000000000000000000,1.400000000000000000000000000000000000000000000000000000000000062230153,0.7999999999999999999999999999999999999999999999999999999999999688849236,0.00006540200519225158625738686280678978429383362633899999440035749581686370,0.00006540200369519445702191262791639763153246261595528752391842642755246308,0.00006540200519234647209149552166313483996044651913737892860452586079378419,0.00000000000000009488583410865885634505566661289279837893420416836497692049368969740851,0.00000000000000002477883961384279604443213336781361989813847478265700194917887062511194,0.0000000000004921681347238447547698186009824825678817911818097889012176566431658147,0.000000000000000005963756325807120224177409288371163949664078649363653191221804649705716,0.001116499665762130325057748522881615779099267524519454298857497488214121,0.001116499665762130325057748522881615779099267524519454298857497336285038,-1.519290839321567799595718763129913144675354533379191194604764798532641e-64,0.001116499665762193534180617202762681267594119039333625218231599647879403,0.00000000000000006320912286867988106548849485151481417091937410215966528154186419901399,FIT
2,3.000000000000000000000000000000000000000000000000000000000000000000000,0.7000000000000000000000000000000000000000000000000000000000000311150764,2.000000000000000000000000000000000000000000000000000000000000000000000,1.400000000000000000000000000000000000000000000000000000000000062230153,1.200000000000000000000000000000000000000000000000000000000000031115076,0.00006753007361763256272885096990901102575352310018486355237435005877607525,0.00006753007102680616457515851592999181943480110167266825319117272827130663,0.00006753007361781120901592832281050818865556347227846371235026891262354744,0.0000000000000001786462870773529014971629020403720936001599759188538474721896301190719,0.00000000000000004665239278893677838480316460161010707306992277849625341682596776436428,0.0000000000008517525291238628373900036315851734819049164214432621165487267485825687,0.00000000000000001122844547054471111000475300263449453133171312605786563759155180842052,0.0003328807868972099321716609887363998721001664547424373491802642633655294,0.0003328807868972099321716609887363998721001664547424373491802641494187164,-1.139468129491175849696789072347434858506515900034393395953573598899481e-64,0.0003328807868973161455842923574569550567024462156993656818929907166888380,0.0000000000000001062134126313687205551846022797609569283327127264533233086105576325397,FIT
3,5.000000000000000000000000000000000000000000000000000000000000000000000,0.7000000000000000000000000000000000000000000000000000000000000311150764,2.500000000000000000000000000000000000000000000000000000000000000000000,0.0,0.3999999999999999999999999999999999999999999999999999999999999844424618,-0.00001416944034233172250295527743201853986148413024412495514777405761615960,-0.00001416944022871478336876564413227327610033549628580718796534084452748213,-0.00001416944034237699048882791011476389210970755590347858555203692829631025,0.00000000000000004526798587263268274535224822342565935363040426287068015064454033023317,0.00000000000000001182157708532598481798655368155914662848949314601503680226179071919891,0.00000000000003735237529975138157665146954278794221954985983883495238015901963531114,0.000000000000000002845812196850840795242333767713126649777289742772666787544356542712149,-0.001712698002151177637074068755680322878275122149890005792968227917870177,-0.001712698002151177637074068755680322878275122149890005792968227917870177,0.0,-0.001712698002151153663919314838340926345741872387485773975021568542538306,0.00000000000000002397315475391733939653253324976240423181794665937533187171413361116664,FIT
3,5.000000000000000000000000000000000000000000000000000000000000000000000,0.7000000000000000000000000000000000000000000000000000000000000311150764,2.500000000000000000000000000000000000000000000000000000000000000000000,0.0,0.7999999999999999999999999999999999999999999999999999999999999688849236,-0.0001027868843619930367123570533206023010740225103079106345282802376841603,-0.0001027868838762617295556235875508316561018117780611984993324572168357814,-0.0001027868843623835077686212652037306951554627582575441933905509030991826,0.0000000000000003904710562642118831283940814402479496335588622706654150222440133669061,0.0000000000000001019707755662083049894689981704753879685009938611239361967454238028618,0.0000000000001596876399631792947183263051509074679251759977005050942468568058973705,0.00000000000000002455038640700133242016077612209609757337316160349453226834657211269170,-0.001725962541612605925648056025675679056081300618486341564315904351382393,-0.001725962541612605925648056025675679056081300618486341564315904807169644,-4.557872517964703398787156289389739434026063600137573583814294395597924e-64,-0.001725962541612703620371943715472673459366876135868404340568941840086594,-0.00000000000000009769472388768979699440328557551738206277625303748870420102119464907729,FIT
3,5.000000000000000000000000000000000000000000000000000000000000000000000,0.7000000000000000000000000000000000000000000000000000000000000311150764,2.500000000000000000000000000000000000000000000000000000000000000000000,0.0,1.200000000000000000000000000000000000000000000000000000000000031115076,-0.0002966303347278075947898335924335981453961825071451415087052276147335146,-0.0002966303371717529426072141708077130366295600533442964696594059900307511,-0.0002966303347283321953436367262169674407940875019258587521738222556253129,0.0000000000000005246005538031337833692953979049947807172434685946408917983387706725032,0.0000000000000001370009797542251099991736306760186831570355359970366624506449810153775,0.0000000000008034643539475838359036678778394070367249954318240172288469976776252688,0.00000000000000003299627273186104531314625957324699513198869726887590412405886677155320,-0.001716238561493794875048918167826328460634226790530833038343106707498327,-0.001716238561493794875048918167826328460634226790530833038343107011356495,-3.038581678643135599191437526259826289350709066758382389209529597065283e-64,-0.001716238561493994282873829496974095378312467656217169426550230689766186,-0.0000000000000001994078249113291477669176782408656863363882071239822678585000921236858,FIT
4,3.000000000000000000000000000000000000000000000000000000000000000000000,0.7000000000000000000000000000000000000000000000000000000000000311150764,0.7000000000000000000000000000000000000000000000000000000000000311150764,1.400000000000000000000000000000000000000000000000000000000000062230153,0.3999999999999999999999999999999999999999999999999999999999999844424618,-0.000003176170088668573461159166255668277581579292199004228999693907906110983,-0.000003176170065767686968030699012115754152945528746003556016200804426030835,-0.000003176170088669219229031584170285109714429569358337331935940491972578490,0.0000000000000000006457678724179146168321328502771593331029362465840664675067016388902876,0.0000000000000000001686375327881732328491053733054474749434403747187679083727118860512288,0.000000000000007528828631372430398334892683878071059955752871465889073705844897815788,0.00000000000000000004058430105782032166725451498998817020576473197407805249700152636574502,-0.0005675126067896309296911178927458210128774077633864369702338924492907426,-0.0005675126067896309296911178927458210128774077633864369702338925252552846,-7.596454196607838997978593815649565723376772666895955973023823992663207e-65,-0.0005675126067896774003289722689260489075742717600874999726566785791629292,-0.00000000000000004647063785437618022789469686399670106300242278612987218654932267327000,FIT
4,3.000000000000000000000000000000000000000000000000000000000000000000000,0.7000000000000000000000000000000000000000000000000000000000000311150764,0.7000000000000000000000000000000000000000000000000000000000000311150764,1.400000000000000000000000000000000000000000000000000000000000062230153,0.7999999999999999999999999999999999999999999999999999999999999688849236,-0.00001563575461823205719168494976026230950800458234460052061246807589337011,-0.00001563575460644604375819942935578836872487646082285314758875686992286315,-0.00001563575461822991301153939074659843062351190177206041987541275503292871,0.000000000000000002144180145559013663878884492680572540100737055320860441397714480314169,0.0000000000000000005599378533570057008444448110402269476615605791360353604033701503095474,0.000000000000003874735430816728324515390904922932936329419303899346057849425252892470,0.0000000000000000001347592236493470718344809911515489141252796269058029923434191273611253,-0.0002899127214854395209543108202672690324079301806326523245267373936280783,-0.0002899127214854395209543108202672690324079301806326523245267375835394332,-1.899113549151959749494648453912391430844193166723988993255955998165802e-64,-0.0002899127214853939901275079131067643455058816010708493958705438783303598,0.00000000000000004553082680290716050468690204857956180292865619351529771850215043611356,FIT
4,3.000000000000000000000000000000000000000000000000000000000000000000000,0.7000000000000000000000000000000000000000000000000000000000000311150764,0.7000000000000000000000000000000000000000000000000000000000000311150764,1.400000000000000000000000000000000000000000000000000000000000062230153,1.200000000000000000000000000000000000000000000000000000000000031115076,-0.00001730495828121798288590184561136191979551521573762799012365963610746934,-0.00001730495851450826258185602446107661992115368560837096718042709378675046,-0.00001730495828120872176561507072098672351947331280105149697124195144679359,0.000000000000000009261120286774890375196276041902936576493152417684660675743217051801054,0.000000000000000002418465717160783444115827410901284709915869905738563421805346947755745,0.00000000000007669583175985044851050799298503010539773518702547399260625970626259305,0.0000000000000000005819909927865038907011893572576553330356686180672387107471422472697548,0.00002182735957659527341702433216566295332879838363006382689979172978660276,0.00002182735957659527341702433216566295332879838363006382689979175589941406,2.611281130083944655555141624129538217410765604245484865726939497477977e-65,0.00002182735957674931681596630690694353502012873374954950602019696567763543,0.0000000000000001540433989419747412805816913303501194856791204052358910326715328252108,FIT
5,3.000000000000000000000000000000000000000000000000000000000000000000000,0.7000000000000000000000000000000000000000000000000000000000000311150764,2.000000000000000000000000000000000000000000000000000000000000000000000,1.049999999999999999999999999999999999999999999999999999999999968884924,0.3999999999999999999999999999999999999999999999999999999999999844424618,-0.00004030170640283223704648032055894118435412846785908947382484743371869505,-0.00004030170617616706009907560548529166367645477845048744724781139186583041,-0.00004030170640284060149543285018246201881178550303433597199661204114214267,0.000000000000000008364448952529623520834457657035175246498171764607423447619574074232083,0.000000000000000002184306035128303793821274709393501364496465076251830327496840304964551,0.00000000000007451778230304855275827264044864097448422352288047066607967429239091551,0.0000000000000000005256355019776091040590220362581548193744595466642866188466740155061127,-0.005081435530170438776697518939626936308198983844902761795914995268936975,-0.005081435530170438776697518939626936308198983844902761795914995268936975,0.0,-0.005081435530170445189169224156072906583842136854601762926751491391126610,-0.000000000000000006412471705216445970275643153009699001130836496122189634788972066581800,FIT
5,3.000000000000000000000000000000000000000000000000000000000000000000000,0.7000000000000000000000000000000000000000000000000000000000000311150764,2.000000000000000000000000000000000000000000000000000000000000000000000,1.049999999999999999999999999999999999999999999999999999999999968884924,0.7999999999999999999999999999999999999999999999999999999999999688849236,-0.0002446081693447580746018471350805488543814180420656284277022941888635779,-0.0002446081651233182792493185884679684687733600797473765549550329015049194,-0.0002446081693451090846067202898038945543250441970190948061899441006050236,0.0000000000000003510100048731547233456999436261549534663784876499117414457290031756902,0.00000000000000009166437839974893077276848666445112236790171087571679987845394721373491,0.000000000001387828233974848398354823052320022021868782599936066921920121197406433,0.00000000000000002206324755474061558662313777554879678950597253069069603676010815851062,-0.004133106661038292880287049380445469786895898895131790362758872145013211,-0.004133106661038292880287049380445469786895898895131790362758872145013211,0.0,-0.004133106661038399760389629089870068109121942913381863841132926608208619,-0.0000000000000001068801025797094245983222260440182500734783740544631954075800355019359,FIT
5,3.000000000000000000000000000000000000000000000000000000000000000000000,0.7000000000000000000000000000000000000000000000000000000000000311150764,2.000000000000000000000000000000000000000000000000000000000000000000000,1.049999999999999999999999999999999999999999999999999999999999968884924,1.200000000000000000000000000000000000000000000000000000000000031115076,-0.0005149251360499353146576603623181572475647367976073468469836620191254960,-0.0005149251183637148181701671619881983438216378947199208055818628724674814,-0.0005149251360513086549742509647999384102148800599722164258865114053970831,0.000000000000001373340316590602481781162650143262364869578902849386271587119336355593,0.0000000000000003586403460121356514784523925414050537970054364047159808894506001183925,0.000000000005814470261427192386674200023426320632635726641172398802876713803757487,0.00000000000000008632279206463223508823572958268185783178301855654415715271908775815672,-0.002902622935423290023535167804698451026352218654769342522654229009124147,-0.002902622935423290023535167804698451026352218654769342522654229009124147,0.0,-0.002902622935423474425930856085901903537534300173695534028691730853353599,-0.0000000000000001844023956882812034525111820815189261915060375018442294519034510707786,FIT
6,3.000000000000000000000000000000000000000000000000000000000000000000000,0.7000000000000000000000000000000000000000000000000000000000000311150764,0.3000000000000000000000000000000000000000000000000000000000000077787691,0.0,0.3999999999999999999999999999999999999999999999999999999999999844424618,0.00003940215383536120105496471305828981939477020226774362837869266658204535,0.00003940215355308514147624108658461493449508263678208080390012569188636281,0.00003940215383533867953916309623522110615373710694370303262504962326844080,0.00000000000000002252151580161682306871324103309532404059575364304331360454650958412894,0.000000000000000005881344783155176482756422939661272035443942231187344904659094106994924,0.00000000000009280025398492167183974066050520243755930781548083968299442575681861529,0.000000000000000001415482419990470360975827778051381503168371835932337898723039146173428,0.004741589856453016932193792753790090769058801038020110036036678819351174,0.004741589856453016932193792753790090769058801038020110036036678211634838,-6.077163357286271198382875052519652578701418133516764778419059194130565e-64,0.004741589856452870589381623154730325230718755437319567862923288939809434,-0.0000000000000001463428121695990597655383400456007005421731133898795417395458385596529,FIT
6,3.000000000000000000000000000000000000000000000000000000000000000000000,0.7000000000000000000000000000000000000000000000000000000000000311150764,0.3000000000000000000000000000000000000000000000000000000000000077787691,0.0,0.7999999999999999999999999999999999999999999999999999999999999688849236,0.0002005111796353585923135602938164563286236317184334839543994828070423066,0.0002005111814329779064137001585541994408783250618760842893315187796545582,0.0002005111796350417006150109709183100458647876788369464394646145948619941,0.0000000000000003168916985493228981462827588440395965375149348682121803124146169154353,0.00000000000000008275372366240297191742501395140239884588057761814925303454766682402500,0.0000000000005909800868912607717214652888561696281242665158031975885409236832364199,0.00000000000000001991449222090615484345848782916289890727629341358792506322945549970676,0.003351542842603659596726448753521342172321147397892465545215184316582111,0.003351542842603659596726448753521342172321147397892465545215184012723943,-3.038581678643135599191437526259826289350709066758382389209529597065283e-64,0.003351542842603884572566129759477077425935821413817697466611867577778987,0.0000000000000002249758396810059557352536146740159252319213966832611968757025177246500,FIT
6,3.000000000000000000000000000000000000000000000000000000000000000000000,0.7000000000000000000000000000000000000000000000000000000000000311150764,0.3000000000000000000000000000000000000000000000000000000000000077787691,0.0,1.200000000000000000000000000000000000000000000000000000000000031115076,0.0002531679247051396739366398949962070745079805943970565205163248429423865,0.0002531679326004336984304950393820316914027113807234721661271288724987972,0.0002531679247048737211646069581569399374725047472519233834905798795099661,0.0000000000000002659527720329368392671370354758471451331370257449634324203210707158768,0.00000000000000006944976056346016994272866266427107870550403959368504671877715562833812,0.000000000002595633829673582222067265543223856601491360585454426061390699613442468,0.00000000000000001670499056249346003305925278045788186231784809970139357046876234981764,0.001612032428708450837399701200006410017838833929526198338132416766242773,0.001612032428708450837399701200006410017838833929526198338132416462384605,-3.038581678643135599191437526259826289350709066758382389209529597065283e-64,0.001612032428709522111085365998848688358841227700196999475229059299338888,0.000000000000001071273685664798842278341002393770670801137096642533096114990376664603,FIT
7,3.000000000000000000000000000000000000000000000000000000000000000000000,0.7000000000000000000000000000000000000000000000000000000000000311150764,2.500000000000000000000000000000000000000000000000000000000000000000000,1.400000000000000000000000000000000000000000000000000000000000062230153,0.3999999999999999999999999999999999999999999999999999999999999844424618,0.00002291943880061595907648888296948240149304150671847560223397181720768786,0.00002291943894473423998817776571476772058873723944655942327195930263241916,0.00002291943880060102633077098033283812860183101425868572813788880435088164,0.00000000000000001493274571790263664427289121049245978987409608301285680622028739391187,0.000000000000000003899574825072600811155898743632364637859730759382215142524346372485597,0.00000000000004737990572375993343413535509244895377327224457558375499720805354784755,0.0000000000000000009384622608801193175974713831810062829383671426974358427134244290379327,0.003491385878586045312260907102778033671981949852313527200991659992464813,0.003491385878586045312260907102778033671981949852313527200991659384748477,-6.077163357286271198382875052519652578701418133516764778419059194130565e-64,0.003491385878586041566334099239079546247493506712251211783188478950662162,-0.000000000000000003745926807863698487424488443140062315417803181041802650886533850856298,FIT
7,3.000000000000000000000000000000000000000000000000000000000000000000000,0.7000000000000000000000000000000000000000000000000000000000000311150764,2.500000000000000000000000000000000000000000000000000000000000000000000,1.400000000000000000000000000000000000000000000000000000000000062230153,0.7999999999999999999999999999999999999999999999999999999999999688849236,0.0001696594876220334564726841787251799585814607298338985889282983944876741,0.0001696594874498842128964825423830948399079073775768801038789211547779611,0.0001696594876219679518781877306284150875370896057057891146649214985188049,0.00000000000000006550459449644809676487104437112412810947426337689596886923099138307801,0.00000000000000001710623386268371962121097620560055494421943189027168993418235063225887,0.00000000000005659528565295298669573977722344895327758391555212794082680267484031299,0.000000000000000004117689598548287140924118512693512231725033600856200434717335762188252,0.002960936734681743321594609946389370991740154635866854017537177763385037,0.002960936734681743321594609946389370991740154635866854017537177155668701,-6.077163357286271198382875052519652578701418133516764778419059194130565e-64,0.002960936734681746800880946181787410468859953651435420722353398742784500,0.000000000000000003479286336235398039477119799015568566704816220979399462955962249792702,FIT
7,3.000000000000000000000000000000000000000000000000000000000000000000000,0.7000000000000000000000000000000000000000000000000000000000000311150764,2.500000000000000000000000000000000000000000000000000000000000000000000,1.400000000000000000000000000000000000000000000000000000000000062230153,1.200000000000000000000000000000000000000000000000000000000000031115076,0.0004724919949036023939756080005023997291614054031232907300246591100999313,0.0004724919902411687508129650579999415788666199028223761523552115132592673,0.0004724919949038160607480461558396236314638520624158696060453841983200146,0.0000000000000002136667724381553372239023024466592925788760207250882200833200050977229,0.00000000000000005579757485742176996395702789730536118402303148919658617114679147949522,0.000000000001532808082757042347357003638892277829442279015483045976359138508413119,0.00000000000000001342856416361056685538286722973732162820695552080726405858038984997335,0.002211899363405503119264746301768275497419394124528747891319675414071395,0.002211899363405503119264746301768275497419394124528747891319675414071395,0.0,0.002211899363405492575489637838659798972456408902810270078122905370653741,-0.00000000000000001054377510846310847652496298522171847781319677004341765486000461862777,FIT
8,4.000000000000000000000000000000000000000000000000000000000000000000000,0.7000000000000000000000000000000000000000000000000000000000000311150764,0.3000000000000000000000000000000000000000000000000000000000000077787691,0.3500000000000000000000000000000000000000000000000000000000000155575382,0.3999999999999999999999999999999999999999999999999999999999999844424618,0.00002856077594827251442793625904293421293094764779428297211137157643287237,0.00002856077576386433988709550810728215909071625679914480073904552719673071,0.00002856077594826775055213570053980521593738014931007153117949459159311794,0.000000000000000004763875800558503128996993567498484211440931876984839754431943222809312,0.000000000000000001244062529701604319060492657263129999593813247061389432572673467816383,0.00000000000006062549345864097668619893926442335675020796440750150126943590445022979,0.0000000000000000002994500517451783130902272124036769531065364767110415619685539527298874,0.003504843048446319052268593716594162559370533943619812446761439071682205,0.003504843048446657118468339149812975513505533039644865059505454744825914,0.0000000000000003380661997454332188129541349990960250526127440156731437092601341714961,0.003504843048446581192104158260703454306324596906401392411352786117924811,0.0000000000000002621398355645441092917469540629627815799645913470462426055917125925380,HOLDOUT
8,4.000000000000000000000000000000000000000000000000000000000000000000000,0.7000000000000000000000000000000000000000000000000000000000000311150764,0.3000000000000000000000000000000000000000000000000000000000000077787691,0.3500000000000000000000000000000000000000000000000000000000000155575382,0.7999999999999999999999999999999999999999999999999999999999999688849236,0.0001569037873811576537768686450422474814020917751263810983910356835027982,0.0001569037880435761712153658218172810622601816968052960140343168297483230,0.0001569037873810299986162111968155277523358693445675765229047748083502784,0.0000000000000001276551606574482267197290662224305588045754862608751525198841755291062,0.00000000000000003333620369541177684792419807574633227165600312622719363737983385312711,0.0000000000002177747817194369688659222335864557672169399575781648365386183071539567,0.000000000000000008022674540058270683314786704485247448795543077187121771831437786287343,0.002635680040888318962597254195998337589625612052442286755283155068751256,0.002635680040887263512827583216098504271863220386030204718445619565668684,-0.000000000000001055449769670979899833317762391666412082036837535503082571456612165355,0.002635680040887878420095436484323026543149024486387494408508984859039862,-0.0000000000000004405425018177116753110464765875660547923467741702097113933166063163569,HOLDOUT
8,4.000000000000000000000000000000000000000000000000000000000000000000000,0.7000000000000000000000000000000000000000000000000000000000000311150764,0.3000000000000000000000000000000000000000000000000000000000000077787691,0.3500000000000000000000000000000000000000000000000000000000000155575382,1.200000000000000000000000000000000000000000000000000000000000031115076,0.0002586743610732257607273424474551039508287733412466157829899857926025583,0.0002586743653691346099646773603476402023976280614740009123295119430026053,0.0002586743610730336224247364898521205472570402457336249072814246205046952,0.0000000000000001921383026059576029834035717330955129908757085611720978631115872150265,0.00000000000000005017492747791432833184285525506436110038764269676365155512931014602529,0.000000000001412310460728521447454686193148293799461194548480131600562702956956714,0.00000000000000001207235333069317411506266491245503478033007219339344151975635040299639,0.001536733126068778532402655576616586771359091116375909510617834994456128,0.001536733126066259478627673069042063355907708129676117753876835218223880,-0.000000000000002519053774982507574523415451382986699791756740999776232247653390224981,0.001536733126067114464302580217547084993133028223941910871139532199615709,-0.000000000000001664068100075359069501778226062892433998639478302794840418862856861104,HOLDOUT
9,3.000000000000000000000000000000000000000000000000000000000000000000000,1.000000000000000000000000000000000000000000000000000000000000000000000,2.000000000000000000000000000000000000000000000000000000000000000000000,0.3500000000000000000000000000000000000000000000000000000000000155575382,0.3999999999999999999999999999999999999999999999999999999999999844424618,-0.000008226586593275090959519373688637845318687835243996001185274918016629234,-0.000008226586642511613263498430094820681824161050098322863902785991412176985,-0.000008226586593257828315513520395263533512005908215990600238026361558485074,0.00000000000000001726264400585329337431180668192702800540094724855645814415964062067192,0.000000000000000004507995835255932665055395652126351934369039383962530833690839182981572,0.00000000000001618685605141401190233631917166089248206726955134920542176914708410845,0.000000000000000001084814593441116189265725020534720669893005532518082140159527201971465,-0.001026133047736231258266820000510973142080741093415270519462429070379500,-0.001026133047736141262668393810465288893473794419964275535131491856377734,0.00000000000000008999559842619004568424860694667345099498433093721400176594091861340605,-0.001026133047735960656180038945797845339288936300349671629108216888285878,0.0000000000000002706020867810547131278027918047930655988903542121820936220104803024130,HOLDOUT
9,3.000000000000000000000000000000000000000000000000000000000000000000000,1.000000000000000000000000000000000000000000000000000000000000000000000,2.000000000000000000000000000000000000000000000000000000000000000000000,0.3500000000000000000000000000000000000000000000000000000000000155575382,0.7999999999999999999999999999999999999999999999999999999999999688849236,-0.00001882479696248480905935558595309519222593381376103614899423713704784345,-0.00001882479690932163108900146082148810388345778755840212053418260406123302,-0.00001882479696232376732865888677650493085384092206507039268845970630759825,0.0000000000000001610417306966991765902613720928916959657563057774307402451958763962260,0.00000000000000004205501882207412835164155763594558287696368003462152534850235627869401,0.00000000000001747782188075450299261558206291831959030939905008563331464415616810532,0.00000000000000001012169297353133520166736622564609501782164346982219472121223554536531,-0.0003152144801866080479185240219161873890310878793137090580073741059539963,-0.0003152144801895610897229152874597874563831357259801239038205634821564520,-0.000000000000002953041804391265543600067352047846666414845813189376202455673617164779,-0.0003152144801863069873993184827565598241647808451739366528796299320588672,0.0000000000000003010605192055391596275648663070341397724051277441738951291116413009009,HOLDOUT
9,3.000000000000000000000000000000000000000000000000000000000000000000000,1.000000000000000000000000000000000000000000000000000000000000000000000,2.000000000000000000000000000000000000000000000000000000000000000000000,0.3500000000000000000000000000000000000000000000000000000000000155575382,1.200000000000000000000000000000000000000000000000000000000000031115076,0.0001018069844278025274235050193308637215701456906975695218280869688380147,0.0001018069860574375406504251207665849048622142409054167252092518851959377,0.0001018069844281970521408855366637478338304800840031389372181945568068940,0.0000000000000003945247173805173328841122603343933055694153901075879688792980279837497,0.0000000000000001030286032673980578439616917164819020805371445405173095167702346861853,0.0000000000005357540623478072775080433060929314478290267661980047324157243681603250,0.00000000000000002480137628732473207693664178650957932457161518460658619108182003028214,0.0005488383008332491308313246686376773925152490460374927975794355109244152,0.0005488383008330463751977666177510280978240398263085295596850558857573315,-0.0000000000000002027556335580508866492946912092197289632378943796251670836586980347022,0.0005488383008338544340988670096055262920020749904920987477958058621317241,0.0000000000000006053032675423409678488994868259444546059502163703512073089116326410909,HOLDOUT
10,4.000000000000000000000000000000000000000000000000000000000000000000000,1.000000000000000000000000000000000000000000000000000000000000000000000,1.500000000000000000000000000000000000000000000000000000000000000000000,0.0,0.3999999999999999999999999999999999999999999999999999999999999844424618,-0.0000004420063012613319260535315432165669627674560927418386273342908451096819,-0.0000004420063174440757959277710978122381423644651008423102412526716147184878,-0.0000004420063012577838146344154364758174425913601132508358409728839384815076,0.000000000000000003548111419116106740749520176095979491002786361406906628174286734674541,0.0000000000000000009265618104808506934876097907463154716476220542240186267091681372353536,0.000000000000005320191741722433627543683096319202515299160629355743384655282698676863,0.0000000000000000002229796599348082211111320921126007655804950417525978322845564330369334,-0.00005639731221464623508402445554904567147430654477585105442390388216656242,-0.00005639731221546157494306248450993200886524084456769811401805804410617190,-0.0000000000000008153398590380289608863373909342997918470595941541619396094779185646553,-0.00005639731221538839630727866076271985345637497905319950569637163755820314,-0.0000000000000007421612232542052136741819820684342773484512724677553916407138682487394,HOLDOUT
10,4.000000000000000000000000000000000000000000000000000000000000000000000,1.000000000000000000000000000000000000000000000000000000000000000000000,1.500000000000000000000000000000000000000000000000000000000000000000000,0.0,0.7999999999999999999999999999999999999999999999999999999999999688849236,0.000008586406395974777196780235129503221746289100282987833670481780319069044,0.000008586406231031906336223631271302483410988108384627299361531462238479870,0.000008586406396007730876323004150995251691244932296833892117117124861060840,0.00000000000000003295367954276902149202994495583201384605844663534454199179625389670486,0.000000000000000008605603878908493130987401375442580683451954178727189911179312343552807,0.00000000000005422613768137953584500410098783465368619584382497677350143828675609160,0.000000000000000002070989654075938320717252657199829443454670118221036933705985611619461,0.0001453948017930593854137625836334121030172995541018369964961259843421445,0.0001453948017905728001747870916605774489514991213160115895289464547232003,-0.000000000000002486585238975491972834654065800432785825406967179529618944223753656820,0.0001453948017919659630366509762909809203034806559486509977875354276356426,-0.000000000000001093422377111607342431182713818898153185998708590556706501893538622335,HOLDOUT
10,4.000000000000000000000000000000000000000000000000000000000000000000000,1.000000000000000000000000000000000000000000000000000000000000000000000,1.500000000000000000000000000000000000000000000000000000000000000000000,0.0,1.200000000000000000000000000000000000000000000000000000000000031115076,0.00006983580607295825131328640297748760651424632795604436094730869452491695,0.00006983580592537409890140985637131412898467288879291323665187746866452497,0.00006983580607303047643612769968669930615498124519829643181299227803812934,0.00000000000000007222512284129670921169964073491724225207086568358351321238725758909801,0.00000000000000001886106458621725065793682646617223018805319357122114392649654950031116,0.00000000000004851933903186397683386576290339249917262261040324054386694965131100375,0.000000000000000004539125208094561930738909820513823177822579510227015777773650164344760,0.0003879546769998370275462645173923013529879337595247417140579017571843504,0.0003879546769983741737305633016591788372334503742897291164006041785495085,-0.000000000000001462853815701215733122515754483385235012597657297578634841911948884303,0.0003879546769987594971439631437888042866993562537298295779709192882499468,-0.000000000000001077530402301373603497066288577505794912136086982468934403677365630676,HOLDOUT
